nan,nan,nan,nan,nan,nan,nan,nan,nan,nan
-1.201779966818827955e-01,-8.461440372919054598e-02,-5.946364011707297448e-02,1.495569505857015109e-03,-1.147976023915531496e-01,-1.875166666912849583e-02,8.561801923983433649e-02,-8.730682179700041678e-02,-4.900773834850104954e-02,-3.449605633860106102e-02
6.042600055185516714e-04,-1.034185314518242492e-02,-1.651783091202526157e-02,-1.627422882646744132e-02,-2.721800934943111733e-02,-3.420192572849644307e-03,-3.868750778522361822e-02,3.853120697262396067e-03,-1.423444260789005072e-02,-1.334277980471977251e-02
5.778492310682289967e-02,-4.766409336167873323e-02,-1.319656088671028182e-01,-1.099969615204973022e-01,2.470692818396151222e-02,-6.289524866310713946e-02,-6.702844252938310043e-02,-2.387676540633138639e-02,-2.326891202847619633e-02,-8.989476542330651632e-02
-5.661654520848880857e-03,1.110970204337915265e-03,4.333797457050200981e-03,-1.474602851489765533e-02,-5.651760387347441739e-02,-3.172105276435516208e-02,-4.400467949383056465e-02,4.124334515600704132e-02,-1.599611611171691469e-02,-2.329646532033717576e-02
-3.302886829051397081e-03,-1.398818487285541194e-02,-1.426420125784313986e-02,-1.965488250696317829e-02,-2.947244142810680895e-02,-4.324018201881815737e-02,-2.739370034954604141e-02,-8.633310401532262243e-03,-1.262283770787302152e-03,-3.271954771648302729e-02
-4.107730031351180394e-02,-1.188337070359791886e-01,-3.628747923591112978e-01,3.089427602559976366e-02,3.069072223387833004e-02,-3.354162858109758366e-02,-2.394783471886470505e-01,-5.710986040197398722e-02,3.122515844867715940e-01,-1.299014665663141832e-01
-6.877836799723045617e-03,5.455685831209981101e-03,-3.760148603679541041e-02,-2.731407934629273213e-02,-4.165836438012932019e-02,-3.010730249096157593e-02,-4.174121053446735031e-04,-7.700386566736681926e-02,-5.720346847085853136e-04,-3.396117063789498569e-02
nan,nan,nan,nan,nan,nan,nan,nan,nan,nan
3.495846541686431497e-02,-5.941416270428659212e-03,-3.603457693809729995e-02,-6.672096284703454838e-02,-5.881186109395201284e-02,4.371077536469642269e-03,-4.947105475937894209e-02,-3.755852581449993510e-02,-6.824375881762359541e-02,-1.700961114999783585e-01
