nan,nan,nan,nan,nan,nan,nan,nan,nan,nan
-5.654922006777975130e-02,1.178653496627619229e-02,-6.747473859544825215e-04,4.186459768633857097e-03,-7.230011535594307870e-02,-1.366322867660167001e-02,1.112071364368574442e-02,3.208607504977203131e-05,4.337614341382264524e-03,-2.732214324991566468e-02
5.766419671744164692e-03,-1.598783247883891687e-02,-6.504765667648460849e-04,-5.296658026912103717e-03,-2.108892947119231018e-02,-1.139203906113758595e-02,-4.780283651465506989e-02,1.729078591648577565e-02,-1.487832687207109490e-02,-1.597168476033057963e-02
8.686368930827959023e-02,-7.853371164887526512e-02,-1.161921754540636009e-01,1.081366650227879840e-03,-5.894706239008718623e-02,-4.840249910056394073e-02,-6.092776069080922674e-02,1.284858805986770387e-02,-3.558949250379529750e-02,-1.112848490183711569e-01
-8.840239677139590663e-03,-1.412532694567855164e-02,1.482299656955574432e-02,-4.924637308896835132e-03,-2.720510350461745330e-02,-3.032218253570867494e-02,-3.953980542652311275e-02,6.533155645347464568e-02,-1.602117649869892052e-02,-2.018353418114588599e-02
-3.701524707258865062e-03,-1.932667073498765126e-02,-6.257640262639406828e-03,3.749423439221012417e-03,-3.963062914531190889e-02,-2.734183924948431141e-02,-1.372758116316984481e-02,2.345608220186765416e-02,-9.863040887864600852e-04,-3.794257499460800681e-02
7.868767662833010823e-02,-7.701019537894543410e-02,-1.072759561540276435e-01,3.413340556871199971e-02,-1.429549026231789755e-01,-5.435744830299063524e-02,-5.593057431070019847e-02,-7.055905137015118511e-02,-2.137492257005388016e-02,-1.520866730391766675e-01
-7.524092692302877805e-03,2.120653994749479784e-02,-3.041200397928740459e-02,-1.083889213236196788e-02,-5.129163884217255442e-02,-2.896510266746362208e-02,6.127301253394374205e-04,-1.534094992393069887e-02,-4.261207089196208074e-03,-3.995497794983491474e-02
nan,nan,nan,nan,nan,nan,nan,nan,nan,nan
1.185069837060156832e-02,-3.932731759978906616e-02,-1.527934774451725035e-02,-4.126109529218927562e-03,-8.629805528461180486e-02,-2.108470208273840324e-02,-6.245805123623626720e-02,3.757806649138381583e-02,-5.452126190279708851e-02,-1.359327040272721165e-01
