nan,nan,nan,nan,nan,nan,nan,nan,nan,nan
-2.789214455096515263e-02,0.000000000000000000e+00,-0.000000000000000000e+00,0.000000000000000000e+00,-2.254467388293216468e-01,-0.000000000000000000e+00,0.000000000000000000e+00,0.000000000000000000e+00,-0.000000000000000000e+00,-0.000000000000000000e+00
0.000000000000000000e+00,-0.000000000000000000e+00,-0.000000000000000000e+00,-0.000000000000000000e+00,-4.569069979076373356e-02,-0.000000000000000000e+00,-1.602551588581542230e-01,0.000000000000000000e+00,-0.000000000000000000e+00,-3.360867704079872204e-02
0.000000000000000000e+00,-1.385578597375297927e-01,-3.626618928770709016e-01,-0.000000000000000000e+00,-2.247036857570381893e-02,-0.000000000000000000e+00,-1.055774621707523259e-01,0.000000000000000000e+00,-0.000000000000000000e+00,-2.102983087351166513e-01
-4.019024306029284760e-02,-4.464451355149025996e-03,1.728585033161026685e-01,-0.000000000000000000e+00,-0.000000000000000000e+00,-2.531179219176082906e-01,-2.619846096595637719e-02,1.427810158971437593e-01,-2.644506347781521230e-02,0.000000000000000000e+00
-0.000000000000000000e+00,-5.393879333095016881e-02,-0.000000000000000000e+00,-0.000000000000000000e+00,-4.783899193312469295e-02,-9.426734830953605038e-02,-0.000000000000000000e+00,8.810389420329134413e-03,-0.000000000000000000e+00,-1.743353705524185449e-01
0.000000000000000000e+00,-0.000000000000000000e+00,-0.000000000000000000e+00,0.000000000000000000e+00,-0.000000000000000000e+00,-0.000000000000000000e+00,-0.000000000000000000e+00,0.000000000000000000e+00,-0.000000000000000000e+00,-0.000000000000000000e+00
-0.000000000000000000e+00,0.000000000000000000e+00,-0.000000000000000000e+00,-0.000000000000000000e+00,-1.103402182665609403e-02,-0.000000000000000000e+00,0.000000000000000000e+00,-0.000000000000000000e+00,0.000000000000000000e+00,-0.000000000000000000e+00
nan,nan,nan,nan,nan,nan,nan,nan,nan,nan
0.000000000000000000e+00,-5.699472579694514311e-03,-0.000000000000000000e+00,-0.000000000000000000e+00,-4.905474648885391892e-02,-0.000000000000000000e+00,-6.940413071844535320e-02,-0.000000000000000000e+00,-1.139457366648705394e-01,-2.819173388544335412e-01
