nan,nan,nan,nan,nan,nan,nan,nan,nan,nan
-1.019735673594127090e-01,-0.000000000000000000e+00,-0.000000000000000000e+00,0.000000000000000000e+00,-5.446476041188051676e-02,-0.000000000000000000e+00,0.000000000000000000e+00,-7.690837788119433971e-02,-0.000000000000000000e+00,-0.000000000000000000e+00
-0.000000000000000000e+00,-8.268028945183486522e-02,-1.956844544612520720e-01,-0.000000000000000000e+00,-0.000000000000000000e+00,0.000000000000000000e+00,-1.847335923802635449e-01,0.000000000000000000e+00,-0.000000000000000000e+00,-0.000000000000000000e+00
-0.000000000000000000e+00,-1.043002059380852831e-01,-2.790966644779683259e-01,-1.990183130102552156e-01,3.403580941137077098e-02,-0.000000000000000000e+00,-8.567039706733525772e-02,-1.435228585590560962e-02,0.000000000000000000e+00,-1.204549859115292554e-01
-0.000000000000000000e+00,0.000000000000000000e+00,0.000000000000000000e+00,-3.590451757285374051e-02,-1.290519310750263549e-01,-3.774821274181949793e-02,-6.184110418625574784e-02,3.962413553820466616e-02,-6.115999972437206195e-02,-0.000000000000000000e+00
-0.000000000000000000e+00,-2.301722415159327025e-03,-0.000000000000000000e+00,-0.000000000000000000e+00,-0.000000000000000000e+00,-2.408363450843555853e-01,-2.927100588737061460e-03,-1.173703599388202512e-02,-0.000000000000000000e+00,-1.355886014751516225e-02
-3.571760632443869710e-02,-1.332102809502564988e-01,-3.892465649818137585e-01,0.000000000000000000e+00,1.217874001291510862e-02,-0.000000000000000000e+00,-2.573523681803496221e-01,-5.467687813747033887e-02,3.570752982052050051e-01,-1.076864399857060811e-01
-0.000000000000000000e+00,0.000000000000000000e+00,-0.000000000000000000e+00,-0.000000000000000000e+00,-1.261446272530459406e-02,-0.000000000000000000e+00,-0.000000000000000000e+00,-5.949058115069238983e-02,0.000000000000000000e+00,-0.000000000000000000e+00
nan,nan,nan,nan,nan,nan,nan,nan,nan,nan
0.000000000000000000e+00,-0.000000000000000000e+00,-0.000000000000000000e+00,-0.000000000000000000e+00,-0.000000000000000000e+00,-0.000000000000000000e+00,-5.498896513163654444e-03,-0.000000000000000000e+00,-0.000000000000000000e+00,-5.107028141514154823e-02
