nan,nan,nan,nan,nan,nan,nan,nan,nan,nan
-0.000000000000000000e+00,0.000000000000000000e+00,-0.000000000000000000e+00,0.000000000000000000e+00,-2.533163901864499135e-01,-0.000000000000000000e+00,0.000000000000000000e+00,0.000000000000000000e+00,-0.000000000000000000e+00,-0.000000000000000000e+00
0.000000000000000000e+00,-0.000000000000000000e+00,-0.000000000000000000e+00,-0.000000000000000000e+00,-5.089373612166762928e-02,-0.000000000000000000e+00,-1.623659744747478484e-01,0.000000000000000000e+00,-0.000000000000000000e+00,-2.472046018459656685e-02
0.000000000000000000e+00,-1.421013414704237199e-01,-3.728156824800776259e-01,-0.000000000000000000e+00,-2.269505163337250803e-02,-0.000000000000000000e+00,-1.050869903227914376e-01,0.000000000000000000e+00,-0.000000000000000000e+00,-2.106097271423664485e-01
-2.975336664379786555e-02,-0.000000000000000000e+00,1.980621839859714739e-01,-0.000000000000000000e+00,-0.000000000000000000e+00,-2.693715500594918710e-01,-1.815060287481391754e-02,1.410959297970744153e-01,-3.268836882122875404e-02,0.000000000000000000e+00
-0.000000000000000000e+00,-5.252360388090127064e-02,-0.000000000000000000e+00,-0.000000000000000000e+00,-3.922965452445000001e-02,-1.015759653066257151e-01,-0.000000000000000000e+00,4.455844555027617220e-03,-0.000000000000000000e+00,-1.933762055764571830e-01
0.000000000000000000e+00,-0.000000000000000000e+00,-0.000000000000000000e+00,0.000000000000000000e+00,-0.000000000000000000e+00,-0.000000000000000000e+00,-0.000000000000000000e+00,0.000000000000000000e+00,-0.000000000000000000e+00,-0.000000000000000000e+00
-0.000000000000000000e+00,0.000000000000000000e+00,-0.000000000000000000e+00,-0.000000000000000000e+00,-1.302231636794971836e-02,-0.000000000000000000e+00,0.000000000000000000e+00,-0.000000000000000000e+00,0.000000000000000000e+00,-0.000000000000000000e+00
nan,nan,nan,nan,nan,nan,nan,nan,nan,nan
0.000000000000000000e+00,-4.915274844108682116e-03,-0.000000000000000000e+00,-0.000000000000000000e+00,-4.409439865282242105e-02,0.000000000000000000e+00,-6.971340830827311985e-02,-0.000000000000000000e+00,-1.134316845302756754e-01,-2.913979320005819496e-01
