nan,nan,nan,nan,nan,nan,nan,nan,nan,nan
-1.421165230534592039e-01,-7.540976867032639364e-02,-0.000000000000000000e+00,0.000000000000000000e+00,-9.509238723211821398e-02,-0.000000000000000000e+00,4.554138253251416996e-02,-7.756120179507332291e-02,-0.000000000000000000e+00,-0.000000000000000000e+00
-0.000000000000000000e+00,-1.415315350758306612e-01,-2.286513323717525303e-01,-0.000000000000000000e+00,-7.459056383663310690e-03,2.485464908223104959e-03,-1.770763615040363836e-01,0.000000000000000000e+00,-3.666163525291899622e-02,-0.000000000000000000e+00
-0.000000000000000000e+00,-1.040188069607835136e-01,-2.778399639189503278e-01,-1.993283859518068524e-01,3.573639773524849711e-02,-0.000000000000000000e+00,-8.577484497224334425e-02,-1.462814984115065262e-02,0.000000000000000000e+00,-1.231517729959182295e-01
-0.000000000000000000e+00,0.000000000000000000e+00,0.000000000000000000e+00,-4.612997929321203949e-02,-1.318342715669969523e-01,-3.890389939451785462e-02,-5.506640938860780238e-02,3.886900128046349295e-02,-7.925189389223651071e-02,-0.000000000000000000e+00
-0.000000000000000000e+00,-9.300774587546310366e-04,-0.000000000000000000e+00,-0.000000000000000000e+00,-0.000000000000000000e+00,-2.065056486113080736e-01,-9.647715675039171546e-03,-1.166835189721338734e-02,-0.000000000000000000e+00,-2.623961267341094750e-02
-4.147188573115986876e-02,-1.337431386966606572e-01,-3.942600070120990119e-01,5.682243100218158441e-03,1.747938977041479935e-02,-0.000000000000000000e+00,-2.595701545886858752e-01,-5.386705100431794097e-02,3.585407339689614115e-01,-1.140118295341001897e-01
-0.000000000000000000e+00,0.000000000000000000e+00,-0.000000000000000000e+00,-0.000000000000000000e+00,-1.833210059057201538e-02,-0.000000000000000000e+00,-0.000000000000000000e+00,-6.067341174447166835e-02,0.000000000000000000e+00,-0.000000000000000000e+00
nan,nan,nan,nan,nan,nan,nan,nan,nan,nan
0.000000000000000000e+00,-0.000000000000000000e+00,-0.000000000000000000e+00,-0.000000000000000000e+00,-0.000000000000000000e+00,-0.000000000000000000e+00,-0.000000000000000000e+00,-0.000000000000000000e+00,-0.000000000000000000e+00,-0.000000000000000000e+00
