nan,nan,nan,nan,nan,nan,nan,nan,nan,nan
-5.691853932159677415e-02,1.056810491980037653e-02,-7.493139471352331521e-03,-4.040034758328114352e-03,-6.417905233887012673e-02,-1.344071418331763135e-02,1.198386714083474712e-02,-3.293971822283520146e-02,5.022562117676910264e-03,-1.705520843738934575e-02
6.547106827518551532e-03,-1.531531287174831696e-02,1.484310635584777920e-03,-9.304864514707860898e-03,-2.006346189059621948e-02,-1.275432259047941906e-02,-4.957424666398160124e-02,2.830839828648555514e-03,-1.551110912582983996e-02,-1.694163638161840998e-02
1.114566056367447267e-01,-5.378171367192121494e-02,-1.115020120564110817e-01,-3.310393289095320268e-02,-3.169549309465184012e-02,-8.019582778119561939e-02,-7.676609554948422842e-02,-2.365830841928749650e-02,-2.587516525594405967e-02,-8.050358540483770753e-02
-1.147085284055040892e-02,-1.181693480001103774e-02,1.145894345302876649e-02,-9.607318845978875602e-03,-3.784897607480826320e-02,-3.256620494257939785e-02,-4.573351190291154167e-02,4.867467098284242871e-02,-2.052481850716726328e-02,-3.230162552234779744e-02
-1.032527854870513235e-03,-1.573037512826076095e-02,-8.726457108340468505e-03,-4.430651320468292388e-03,-3.469165536881419626e-02,-3.324380377136380155e-02,-2.086881862717497246e-02,-1.454143914088981563e-03,-1.048280446328107678e-03,-3.933379031103095835e-02
1.083686336719640597e-01,-3.475213146653548246e-02,-1.086489246932344360e-01,-8.932615696842517369e-03,-8.716367097593587243e-02,-8.691245190392875297e-02,-7.033844350968694592e-02,-1.295272863613677050e-01,5.353507464394440842e-03,-9.213484337392185974e-02
-2.444744547592254524e-03,2.473390284607026451e-02,-3.626734864534587877e-02,-2.279727536535903001e-02,-3.722026488353886997e-02,-3.270700995323272409e-02,-4.119037680115057026e-03,-4.240314776736611030e-02,-5.627322266184310844e-04,-3.007551841673676216e-02
nan,nan,nan,nan,nan,nan,nan,nan,nan,nan
6.299656326480378155e-02,2.853484830107814400e-03,-9.447349387814937133e-03,-4.501238868420531086e-02,-7.436710341526980850e-02,-3.579225512063486520e-02,-6.235997156042465822e-02,-3.576282988309421873e-02,-7.460415937052296276e-02,-1.350100974160221012e-01
