nan,nan,nan,nan,nan,nan,nan,nan,nan,nan
-0.000000000000000000e+00,0.000000000000000000e+00,-0.000000000000000000e+00,-0.000000000000000000e+00,-2.102846523567142578e-01,-0.000000000000000000e+00,0.000000000000000000e+00,-0.000000000000000000e+00,0.000000000000000000e+00,-0.000000000000000000e+00
0.000000000000000000e+00,-0.000000000000000000e+00,-0.000000000000000000e+00,-0.000000000000000000e+00,-3.010450486415595581e-02,-0.000000000000000000e+00,-1.666337235160807451e-01,-0.000000000000000000e+00,-0.000000000000000000e+00,-0.000000000000000000e+00
6.804067995920544398e-02,-0.000000000000000000e+00,-0.000000000000000000e+00,-0.000000000000000000e+00,-0.000000000000000000e+00,-0.000000000000000000e+00,-8.172680927353520586e-02,0.000000000000000000e+00,-0.000000000000000000e+00,-6.603298184918282576e-02
-1.024939552044921813e-02,-0.000000000000000000e+00,2.030361746522478250e-01,-0.000000000000000000e+00,-7.148822679774685662e-02,-2.311162211885965656e-01,-0.000000000000000000e+00,1.389219288704808264e-01,-1.483084122563106677e-01,-0.000000000000000000e+00
-0.000000000000000000e+00,-1.694717508864935704e-02,-0.000000000000000000e+00,-0.000000000000000000e+00,-2.193081750624481345e-03,-1.374292974827335256e-01,-0.000000000000000000e+00,-0.000000000000000000e+00,-0.000000000000000000e+00,-9.190959772846631071e-02
0.000000000000000000e+00,-0.000000000000000000e+00,-0.000000000000000000e+00,0.000000000000000000e+00,-0.000000000000000000e+00,-0.000000000000000000e+00,-0.000000000000000000e+00,-0.000000000000000000e+00,-0.000000000000000000e+00,-0.000000000000000000e+00
-7.485670676501075815e-02,-1.477454467779816261e-01,-6.878381757172777888e-01,-6.934150579970996819e-01,-9.638070954813876545e-02,1.181645442486610464e-01,9.019557165629897566e-02,-3.224627442550774270e-01,-3.348153772791344074e-01,-2.875336054811217235e-01
nan,nan,nan,nan,nan,nan,nan,nan,nan,nan
1.031885720193952832e-01,0.000000000000000000e+00,0.000000000000000000e+00,-1.651442974375076644e-01,-7.660984403597569103e-02,0.000000000000000000e+00,-9.517451107717424946e-03,-9.752102592105260648e-02,-2.037401758600384805e-01,-2.412381331299150444e-01
